Filename,ID
id_64_frame_58432.png,64
id_20_frame_682.jpg,20
id_64_frame_985.jpg,64
id_46_frame_5843.png,46
id_20_frame_5854354.png,20
id_42_frame_5855435.png,42
id_6_frame_58.png,6
id_64_frame_5897.png,64
id_35_frame_782.jpg,35
id_42_frame_5658.png,42
id_46_frame_58.png,46
id_20_frame_58565.png,20
id_20_frame_5458.png,20
id_6_frame_58445.png,6
id_23_frame_58343.png,23
id_35_frame_5788.png,35
id_42_frame_58535.png,42
id_23_frame_61.jpg,23
id_35_frame_250.jpg,35
id_20_frame_585.png,20
id_35_frame_6558.png,35
id_46_frame_588.png,46
id_35_frame_785.jpg,35
id_6_frame_58434.png,6
id_23_frame_58.jpg,23
id_20_frame_54558.png,20
id_64_frame_58.png,64
